[{"model": "product.brand", "pk": 1, "fields": {"name": "Nilson", "slug": null}}, {"model": "product.category", "pk": 2, "fields": {"name": "Главная категория", "parent": null, "lft": 1, "rght": 12, "tree_id": 1, "level": 0}}, {"model": "product.category", "pk": 3, "fields": {"name": "Розетки", "parent": 2, "lft": 8, "rght": 11, "tree_id": 1, "level": 1}}, {"model": "product.category", "pk": 4, "fields": {"name": "Зубр", "parent": 2, "lft": 6, "rght": 7, "tree_id": 1, "level": 1}}, {"model": "product.category", "pk": 5, "fields": {"name": "Товар 1", "parent": 3, "lft": 9, "rght": 10, "tree_id": 1, "level": 2}}, {"model": "product.category", "pk": 6, "fields": {"name": "Ветка 1", "parent": 2, "lft": 2, "rght": 5, "tree_id": 1, "level": 1}}, {"model": "product.category", "pk": 7, "fields": {"name": "Ветка 2, вложенная", "parent": 6, "lft": 3, "rght": 4, "tree_id": 1, "level": 2}}, {"model": "product.attribute", "pk": 1, "fields": {"name": "Цвет", "slug": null}}, {"model": "product.attribute", "pk": 2, "fields": {"name": "Сила струму", "slug": null}}, {"model": "product.attribute", "pk": 3, "fields": {"name": "Тест - атрибут", "slug": "213123"}}, {"model": "product.attribute", "pk": 4, "fields": {"name": "Колір", "slug": "123213"}}, {"model": "product.attributevalue", "pk": 2, "fields": {"attribute": 1, "value": "Синий"}}, {"model": "product.attributevalue", "pk": 3, "fields": {"attribute": 1, "value": "Красный"}}, {"model": "product.attributevalue", "pk": 4, "fields": {"attribute": 2, "value": "50А"}}, {"model": "product.attributevalue", "pk": 5, "fields": {"attribute": 2, "value": "60А"}}, {"model": "product.attributevalue", "pk": 6, "fields": {"attribute": 2, "value": "100А"}}, {"model": "product.attributevalue", "pk": 7, "fields": {"attribute": 3, "value": "1М"}}, {"model": "product.attributevalue", "pk": 8, "fields": {"attribute": 3, "value": "2М"}}, {"model": "product.attributevalue", "pk": 9, "fields": {"attribute": 3, "value": "3М"}}, {"model": "product.attributevalue", "pk": 10, "fields": {"attribute": 4, "value": "Синий"}}, {"model": "product.attributevalue", "pk": 11, "fields": {"attribute": 4, "value": "Красный"}}, {"model": "product.product", "pk": 3, "fields": {"name": "Товар 1", "slug": "tovar-1", "description": "213123", "category": 4, "brand": 1}}, {"model": "product.product", "pk": 4, "fields": {"name": "Тестовий товар 1", "slug": "1", "description": "Опис для товару 1", "category": 4, "brand": 1}}, {"model": "product.product", "pk": 5, "fields": {"name": "Тестовий товар 2", "slug": "2", "description": "Опис для товару 2", "category": 4, "brand": 1}}, {"model": "product.product", "pk": 6, "fields": {"name": "Тестовий товар 3", "slug": "3", "description": "Опис для товару 3", "category": 4, "brand": 1}}, {"model": "product.product", "pk": 7, "fields": {"name": "Тестовий товар 4", "slug": "4", "description": "Опис для товару 4", "category": 2, "brand": 1}}, {"model": "product.product", "pk": 8, "fields": {"name": "Тестовий товар 5", "slug": "5", "description": "Опис для товару 5", "category": 2, "brand": 1}}, {"model": "product.product", "pk": 9, "fields": {"name": "Тестовий товар 6", "slug": "6", "description": "Опис для товару 6", "category": 4, "brand": 1}}, {"model": "product.product", "pk": 10, "fields": {"name": "Тестовий товар 7", "slug": "7", "description": "Опис для товару 7", "category": 4, "brand": 1}}, {"model": "product.product", "pk": 11, "fields": {"name": "Тестовий товар 8", "slug": "8", "description": "Опис для товару 8", "category": 4, "brand": 1}}, {"model": "product.product", "pk": 12, "fields": {"name": "Тестовий товар 9", "slug": "9", "description": "Опис для товару 9", "category": 4, "brand": 1}}, {"model": "product.product", "pk": 13, "fields": {"name": "Тестовий товар 10", "slug": "10", "description": "Опис для товару 10", "category": 2, "brand": 1}}, {"model": "product.productvariation", "pk": 9, "fields": {"product": 3, "attribute_value": 2, "price": "123.00", "image": "product_images/6573556364_w640_h640_6573556364_0GjrBKF.webp", "article": "123213", "quantity": 12313}}, {"model": "product.productvariation", "pk": 10, "fields": {"product": 3, "attribute_value": 3, "price": "123123.00", "image": "product_images/6573556364_w640_h640_6573556364_lnOCGg5.webp", "article": "123123", "quantity": 1}}, {"model": "product.productvariation", "pk": 11, "fields": {"product": 13, "attribute_value": 4, "price": "100.00", "image": "product_images/6573556364_w640_h640_6573556364_MwJpc3b.webp", "article": "123", "quantity": 0}}, {"model": "product.productvariation", "pk": 12, "fields": {"product": 13, "attribute_value": 5, "price": "200.00", "image": "product_images/6573556364_w640_h640_6573556364_DgBCj9B.webp", "article": "123", "quantity": 0}}, {"model": "product.productvariation", "pk": 13, "fields": {"product": 12, "attribute_value": 4, "price": "200.00", "image": "product_images/6573556364_w640_h640_6573556364_TslWjsy.webp", "article": "213123", "quantity": 0}}, {"model": "product.productvariation", "pk": 14, "fields": {"product": 12, "attribute_value": 6, "price": "300.00", "image": "product_images/6573556364_w640_h640_6573556364_rdeSGWh.webp", "article": "300", "quantity": 0}}, {"model": "product.productvariation", "pk": 15, "fields": {"product": 11, "attribute_value": 4, "price": "300.00", "image": "product_images/6573556364_w640_h640_6573556364_UPgQeKA.webp", "article": "13123123", "quantity": 1}}, {"model": "product.productvariation", "pk": 16, "fields": {"product": 11, "attribute_value": 6, "price": "1233.00", "image": "product_images/6573556364_w640_h640_6573556364_Yp1uLlp.webp", "article": "312313", "quantity": 0}}, {"model": "product.productvariation", "pk": 17, "fields": {"product": 10, "attribute_value": 5, "price": "1232.00", "image": "product_images/6573556364_w640_h640_6573556364_dmblqAB.webp", "article": "12321", "quantity": 0}}, {"model": "product.productvariation", "pk": 18, "fields": {"product": 10, "attribute_value": 6, "price": "500.00", "image": "product_images/6573556364_w640_h640_6573556364_wmXfsi0.webp", "article": "123123123", "quantity": 0}}, {"model": "product.productvariation", "pk": 19, "fields": {"product": 4, "attribute_value": 4, "price": "100.00", "image": "product_images/6573556364_w640_h640_6573556364_GoCmiax.webp", "article": "12321", "quantity": 0}}, {"model": "product.productvariation", "pk": 20, "fields": {"product": 5, "attribute_value": 4, "price": "245.00", "image": "product_images/6573556364_w640_h640_6573556364_eYIJhsV.webp", "article": "122313", "quantity": 1}}, {"model": "product.productvariation", "pk": 21, "fields": {"product": 6, "attribute_value": 4, "price": "400.00", "image": "product_images/6573556364_w640_h640_6573556364_GllbOHl.webp", "article": "12321", "quantity": 1}}, {"model": "product.productvariation", "pk": 24, "fields": {"product": 3, "attribute_value": null, "price": "1231.00", "image": "product_images/6573556364_w640_h640_6573556364_gPmdAxX.webp", "article": "123213", "quantity": 1}}, {"model": "product.productvariation", "pk": 25, "fields": {"product": 8, "attribute_value": null, "price": "123123.00", "image": "product_images/6573556364_w640_h640_6573556364_K9dE9LV.webp", "article": "123213", "quantity": 1}}, {"model": "product.productcharacteristics", "pk": 1, "fields": {"name": "23213", "slug": null, "product_variation": 19, "value": "123"}}, {"model": "product.productcharacteristics", "pk": 2, "fields": {"name": "Тест", "slug": null, "product_variation": 11, "value": "123123"}}, {"model": "product.productcharacteristics", "pk": 3, "fields": {"name": "Цвет", "slug": null, "product_variation": 11, "value": "213123"}}]